{"cameraMode":{"drawMode":0,"name":"Shaded","section":"Shading Mode"},"sceneLighting":true,"audioPlay":false,"sceneViewState":{"showFog":true,"showMaterialUpdate":false,"showSkybox":true,"showFlares":true,"showImageEffects":true,"showParticleSystems":true},"in2DMode":false,"pivot":{"x":-0.7951276898384094,"y":0.4546833038330078,"z":0.36518704891204836},"rotation":{"x":-0.09643953293561936,"y":0.8978852033615112,"z":-0.24560192227363587,"w":-0.35248956084251406},"size":3.0858919620513918,"orthographic":false}