{"cameraMode":{"drawMode":0,"name":"Shaded","section":"Shading Mode"},"sceneLighting":true,"audioPlay":false,"sceneViewState":{"showFog":true,"showMaterialUpdate":false,"showSkybox":true,"showFlares":true,"showImageEffects":true,"showParticleSystems":true},"in2DMode":false,"pivot":{"x":0.09387366473674774,"y":0.4181981682777405,"z":-0.43212997913360598},"rotation":{"x":0.012933178804814816,"y":0.9815044403076172,"z":-0.17708292603492738,"w":0.07167555391788483},"size":0.945234477519989,"orthographic":false}