{"cameraMode":{"drawMode":0,"name":"Shaded","section":"Shading Mode"},"sceneLighting":true,"audioPlay":false,"sceneViewState":{"showFog":true,"showMaterialUpdate":false,"showSkybox":true,"showFlares":true,"showImageEffects":true,"showParticleSystems":true},"in2DMode":false,"pivot":{"x":0.5321268439292908,"y":0.9806963801383972,"z":-0.6183099746704102},"rotation":{"x":0.03662972152233124,"y":0.9473982453346252,"z":-0.2955551743507385,"w":0.11740067601203919},"size":0.9864997267723084,"orthographic":false}