{"cameraMode":{"drawMode":0,"name":"Shaded","section":"Shading Mode"},"sceneLighting":true,"audioPlay":false,"sceneViewState":{"showFog":true,"showMaterialUpdate":false,"showSkybox":true,"showFlares":true,"showImageEffects":true,"showParticleSystems":true},"in2DMode":false,"pivot":{"x":-0.5398173332214356,"y":1.0409183502197266,"z":0.5277671813964844},"rotation":{"x":-0.11613083630800247,"y":0.7489588260650635,"z":-0.13626068830490113,"w":-0.6380382180213928},"size":0.8066384792327881,"orthographic":false}