{"cameraMode":{"drawMode":0,"name":"Shaded","section":"Shading Mode"},"sceneLighting":true,"audioPlay":false,"sceneViewState":{"showFog":true,"showMaterialUpdate":false,"showSkybox":true,"showFlares":true,"showImageEffects":true,"showParticleSystems":true},"in2DMode":false,"pivot":{"x":0.276195228099823,"y":0.7911447882652283,"z":-0.8017083406448364},"rotation":{"x":0.013429953716695309,"y":0.9827442169189453,"z":-0.16667158901691438,"w":0.07918038219213486},"size":2.2904345989227297,"orthographic":false}