{"cameraMode":{"drawMode":0,"name":"Shaded","section":"Shading Mode"},"sceneLighting":true,"audioPlay":false,"sceneViewState":{"showFog":true,"showMaterialUpdate":false,"showSkybox":true,"showFlares":true,"showImageEffects":true,"showParticleSystems":true},"in2DMode":false,"pivot":{"x":0.370049387216568,"y":0.2050185650587082,"z":-0.3450428545475006},"rotation":{"x":0.06760728359222412,"y":0.9317836761474609,"z":-0.23396141827106477,"w":0.26935359835624697},"size":1.0176172256469727,"orthographic":false}