{"cameraMode":{"drawMode":0,"name":"Shaded","section":"Shading Mode"},"sceneLighting":true,"audioPlay":false,"sceneViewState":{"showFog":true,"showMaterialUpdate":false,"showSkybox":true,"showFlares":true,"showImageEffects":true,"showParticleSystems":true},"in2DMode":false,"pivot":{"x":0.2844884395599365,"y":0.2966378331184387,"z":0.0817437469959259},"rotation":{"x":-0.07336032390594483,"y":0.9200799465179443,"z":-0.3232005834579468,"w":-0.20884065330028535},"size":3.6073946952819826,"orthographic":false}