{"cameraMode":{"drawMode":0,"name":"Shaded","section":"Shading Mode"},"sceneLighting":true,"audioPlay":false,"sceneViewState":{"showFog":true,"showMaterialUpdate":false,"showSkybox":true,"showFlares":true,"showImageEffects":true,"showParticleSystems":true},"in2DMode":false,"pivot":{"x":0.27378541231155398,"y":0.4632061719894409,"z":-0.3114767074584961},"rotation":{"x":0.06436263024806977,"y":0.9330129027366638,"z":-0.28402361273765566,"w":0.21148565411567689},"size":0.8160509467124939,"orthographic":false}